"Epic","Feature","Story","FAILED","BROKEN","PASSED","SKIPPED","UNKNOWN"
"Kafka Testing","Idempotence and Duplicates","","3","0","4","0","0"
"","","","0","0","10","0","0"
"Kafka Testing","Offset Management","","0","0","5","0","0"
"Kafka Testing","Consumer Operations","","1","0","11","0","0"
"Kafka Testing","Partitioning","","0","0","5","0","0"
"Kafka Testing","Transactions","","0","0","9","0","0"
"Kafka Testing","Dead Letter Queue","","0","0","3","0","0"
"Kafka Testing","Producer Operations","","0","0","12","0","0"
"Kafka Testing","Message Ordering","","0","0","3","0","0"
