"Status","Start Time","Stop Time","Duration in ms","Parent Suite","Suite","Sub Suite","Test Class","Test Method","Name","Description"
"passed","Fri Oct 02 10:23:59 UTC 2026","Fri Oct 02 10:24:09 UTC 2026","9402","","Transaction Tests","","tests.transactions.TransactionsTests","testTransactionTimeout","TC-046: Timeout транзакции","Verify transaction timeout behavior"
"passed","Fri Oct 02 10:22:34 UTC 2026","Fri Oct 02 10:22:57 UTC 2026","22995","","Performance Tests","","tests.performance.PerformanceTests","testEndToEndLatency","TC-034: End-to-end latency measurement","Measure end-to-end latency from producer to consumer"
"passed","Fri Oct 02 10:16:16 UTC 2026","Fri Oct 02 10:16:19 UTC 2026","2386","","tests.producer.ProducerTests","","tests.producer.ProducerTests","testProducerMetrics","TC-012: Producer metrics collection","Verify producer exposes metrics for monitoring"
"passed","Fri Oct 02 10:20:21 UTC 2026","Fri Oct 02 10:20:29 UTC 2026","7427","","tests.consumer.ConsumerTests","","tests.consumer.ConsumerTests","testReadFromBeginning","TC-009: Чтение сообщений с начала топика (earliest)","Verify that consumer reads all messages from the beginning"
"passed","Fri Oct 02 10:16:37 UTC 2026","Fri Oct 02 10:16:40 UTC 2026","2430","","tests.producer.ProducerTests","","tests.producer.ProducerTests","testSendSingleMessage","TC-001: Отправка одиночного сообщения в топик","Verify that a single message can be sent successfully to a topic"
"passed","Fri Oct 02 10:19:08 UTC 2026","Fri Oct 02 10:19:25 UTC 2026","16333","","Consumer Group Tests","","tests.consumergroup.ConsumerGroupTests","testConsumerGroupRebalance","TC-037: Consumer group rebalance","Verify consumer group rebalances when consumer joins/leaves"
"passed","Fri Oct 02 10:18:19 UTC 2026","Fri Oct 02 10:18:38 UTC 2026","19240","","tests.ordering.OrderingTests","","tests.ordering.OrderingTests","testOrderingWithinPartition","TC-021: Гарантия порядка в одной партиции","Verify messages with same key maintain order within partition"
"passed","Fri Oct 02 10:18:09 UTC 2026","Fri Oct 02 10:18:19 UTC 2026","10129","","tests.ordering.OrderingTests","","tests.ordering.OrderingTests","testOrderingWithKey","TC-028: Ordering guarantee for keyed messages","Verify strict ordering for messages with same key"
"passed","Fri Oct 02 10:19:34 UTC 2026","Fri Oct 02 10:19:43 UTC 2026","9489","","tests.consumer.ConsumerTests","","tests.consumer.ConsumerTests","testSeekToBeginningEnd","TC-011D: Seek to beginning and end","Verify consumer can seek to beginning and end of partitions"
"passed","Fri Oct 02 10:23:51 UTC 2026","Fri Oct 02 10:23:59 UTC 2026","8121","","Transaction Tests","","tests.transactions.TransactionsTests","testTransactionRollback","TC-042: Rollback транзакции","Verify transaction rollback behavior"
"passed","Fri Oct 02 10:15:43 UTC 2026","Fri Oct 02 10:15:45 UTC 2026","1686","","tests.producer.ProducerTests","","tests.producer.ProducerTests","testSendOversizedMessage","TC-005: Отправка oversized сообщения","Verify that oversized messages are rejected"
"passed","Fri Oct 02 10:21:58 UTC 2026","Fri Oct 02 10:22:07 UTC 2026","9073","","tests.idempotence.IdempotenceTests","","tests.idempotence.IdempotenceTests","testIdempotentProducer","TC-016: Включение идемпотентного producer","Verify idempotent producer prevents duplicates even with retries"
"passed","Fri Oct 02 10:17:48 UTC 2026","Fri Oct 02 10:17:57 UTC 2026","8662","","Error Handling Tests","","tests.errorhandling.ErrorHandlingTests","testDeserializationError","TC-029A: Handle deserialization errors","Verify consumer handles corrupted message data gracefully"
"passed","Fri Oct 02 10:20:12 UTC 2026","Fri Oct 02 10:20:21 UTC 2026","9437","","tests.consumer.ConsumerTests","","tests.consumer.ConsumerTests","testConsumerPauseResume","TC-013: Consumer pause and resume","Verify consumer can pause and resume partition consumption"
"passed","Fri Oct 02 10:23:34 UTC 2026","Fri Oct 02 10:23:42 UTC 2026","8790","","Transaction Tests","","tests.transactions.TransactionsTests","testExactlyOnceSemantics","TC-044: Exactly-once семантика","Verify exactly-once delivery semantics"
"passed","Fri Oct 02 10:16:58 UTC 2026","Fri Oct 02 10:17:16 UTC 2026","17629","","tests.offset.OffsetTests","","tests.offset.OffsetTests","testAutoCommitOffset","TC-018: Automatic offset commit","Verify consumer automatically commits offsets periodically"
"passed","Fri Oct 02 10:15:54 UTC 2026","Fri Oct 02 10:15:56 UTC 2026","2124","","tests.producer.ProducerTests","","tests.producer.ProducerTests","testSendBatchMessages","TC-002: Массовая отправка сообщений (batch)","Verify that multiple messages can be sent in batch"
"passed","Fri Oct 02 10:17:46 UTC 2026","Fri Oct 02 10:17:48 UTC 2026","2335","","Error Handling Tests","","tests.errorhandling.ErrorHandlingTests","testBrokerUnavailable","TC-029C: Handle broker unavailable","Verify graceful handling when broker connection fails"
"passed","Fri Oct 02 10:20:46 UTC 2026","Fri Oct 02 10:20:55 UTC 2026","9069","","tests.consumer.ConsumerTests","","tests.consumer.ConsumerTests","testManualPartitionAssignment","TC-011C: Manual partition assignment","Verify consumer can manually assign specific partitions"
"passed","Fri Oct 02 10:22:07 UTC 2026","Fri Oct 02 10:22:19 UTC 2026","12119","","tests.idempotence.IdempotenceTests","","tests.idempotence.IdempotenceTests","testNoDuplicatesOnRetry","TC-024: Дубликаты при retry","Verify idempotent producer prevents duplicates on retry"
"passed","Fri Oct 02 10:22:22 UTC 2026","Fri Oct 02 10:22:32 UTC 2026","9388","","Performance Tests","","tests.performance.PerformanceTests","testConsumerLagUnderLoad","TC-036: Consumer lag under high load","Measure consumer lag when producer sends faster than consumer processes"
"passed","Fri Oct 02 10:23:25 UTC 2026","Fri Oct 02 10:23:34 UTC 2026","8937","","Transaction Tests","","tests.transactions.TransactionsTests","testTransactionCommit","TC-041: Commit транзакции","Verify transaction commit behavior"
"passed","Fri Oct 02 10:20:29 UTC 2026","Fri Oct 02 10:20:37 UTC 2026","8670","","tests.consumer.ConsumerTests","","tests.consumer.ConsumerTests","testConsumerLagMetrics","TC-011E: Consumer lag metrics","Verify consumer lag can be measured"
"passed","Fri Oct 02 10:22:19 UTC 2026","Fri Oct 02 10:22:22 UTC 2026","2933","","Performance Tests","","tests.performance.PerformanceTests","testProducerThroughput","TC-033: Producer throughput benchmark","Measure producer throughput with large message batch"
"passed","Fri Oct 02 10:16:28 UTC 2026","Fri Oct 02 10:16:37 UTC 2026","9045","","tests.producer.ProducerTests","","tests.producer.ProducerTests","testProducerAcks","TC-007: Producer acks=all guarantee","Verify producer waits for all replicas with acks=all"
"passed","Fri Oct 02 10:16:40 UTC 2026","Fri Oct 02 10:16:49 UTC 2026","8887","","tests.offset.OffsetTests","","tests.offset.OffsetTests","testOffsetResetStrategy","TC-019: Offset reset strategy","Verify offset reset behavior on error"
"passed","Fri Oct 02 10:18:48 UTC 2026","Fri Oct 02 10:18:58 UTC 2026","9579","","tests.dlq.DlqTests","","tests.dlq.DlqTests","testSendToDlqAfterRetries","TC-049: Отправка poison pill в DLQ после N попыток","Verify failed messages are sent to DLQ after max retries"
"passed","Fri Oct 02 10:17:32 UTC 2026","Fri Oct 02 10:17:41 UTC 2026","8927","","tests.offset.OffsetTests","","tests.offset.OffsetTests","testManualSyncCommit","TC-027: Ручной sync commit после обработки","Verify manual synchronous commit of offsets"
"passed","Fri Oct 02 10:22:57 UTC 2026","Fri Oct 02 10:23:15 UTC 2026","17894","","Transaction Tests","","tests.transactions.TransactionsTests","testMultiTopicTransaction","TC-045: Транзакции между несколькими топиками","Verify transactions across multiple topics"
"passed","Fri Oct 02 10:21:49 UTC 2026","Fri Oct 02 10:21:58 UTC 2026","8648","","tests.idempotence.IdempotenceTests","","tests.idempotence.IdempotenceTests","testExactlyOnceSemantics","TC-025: Exactly-once message delivery","Verify exactly-once semantics with idempotent producer"
"passed","Fri Oct 02 10:17:41 UTC 2026","Fri Oct 02 10:17:45 UTC 2026","3377","","Error Handling Tests","","tests.errorhandling.ErrorHandlingTests","testNetworkErrorRecovery","TC-029B: Recovery from network errors","Verify system recovers from transient network errors"
"passed","Fri Oct 02 10:23:42 UTC 2026","Fri Oct 02 10:23:51 UTC 2026","8916","","Transaction Tests","","tests.transactions.TransactionsTests","testTransactionRecoveryAfterFailure","TC-048: Восстановление после сбоя транзакции","Verify transaction recovery after failure"
"passed","Fri Oct 02 10:15:56 UTC 2026","Fri Oct 02 10:15:59 UTC 2026","2504","","tests.producer.ProducerTests","","tests.producer.ProducerTests","testSendMessageWithKey","TC-004: Отправка сообщений с одинаковым ключом в одну партицию","Verify that messages with the same key go to the same partition"
"passed","Fri Oct 02 10:17:57 UTC 2026","Fri Oct 02 10:17:59 UTC 2026","1743","","Error Handling Tests","","tests.errorhandling.ErrorHandlingTests","testSerializationError","TC-029: Handle serialization errors","Verify proper error handling when message serialization fails"
"passed","Fri Oct 02 10:15:45 UTC 2026","Fri Oct 02 10:15:54 UTC 2026","9409","","tests.producer.ProducerTests","","tests.producer.ProducerTests","testProducerCompression","TC-006: Message compression","Verify producer can send compressed messages"
"passed","Fri Oct 02 10:15:01 UTC 2026","Fri Oct 02 10:15:10 UTC 2026","9239","","tests.partitioning.PartitioningTests","","tests.partitioning.PartitioningTests","testPartitionKeyConsistency","TC-022: Same key goes to same partition","Verify partition key consistency for message ordering"
"passed","Fri Oct 02 10:20:07 UTC 2026","Fri Oct 02 10:20:12 UTC 2026","4981","","tests.consumer.ConsumerTests","","tests.consumer.ConsumerTests","testConsumerPollTimeout","TC-015: Consumer poll timeout","Verify consumer poll timeout behavior"
"passed","Fri Oct 02 10:21:30 UTC 2026","Fri Oct 02 10:21:40 UTC 2026","9905","","tests.idempotence.IdempotenceTests","","tests.idempotence.IdempotenceTests","testProducerIdRotation","TC-025A: Producer ID and sequence number","Verify producer maintains sequence numbers for idempotence"
"passed","Fri Oct 02 10:17:59 UTC 2026","Fri Oct 02 10:18:09 UTC 2026","10202","","tests.ordering.OrderingTests","","tests.ordering.OrderingTests","testOrderingMultiplePartitions","TC-027: Message ordering across partitions","Verify ordering behavior with multiple partitions"
"passed","Fri Oct 02 10:24:09 UTC 2026","Fri Oct 02 10:24:18 UTC 2026","8933","","Transaction Tests","","tests.transactions.TransactionsTests","testTransactionalSend","TC-040: Транзакционная отправка сообщений","Verify transactional message sending"
"passed","Fri Oct 02 10:15:10 UTC 2026","Fri Oct 02 10:15:25 UTC 2026","14397","","tests.partitioning.PartitioningTests","","tests.partitioning.PartitioningTests","testRoundRobinPartitioning","TC-038: Round-robin распределение при отсутствии ключа","Verify round-robin distribution when messages have no key"
"passed","Fri Oct 02 10:20:37 UTC 2026","Fri Oct 02 10:20:46 UTC 2026","8788","","tests.consumer.ConsumerTests","","tests.consumer.ConsumerTests","testMaxPollRecords","TC-014: Max poll records limit","Verify consumer respects max.poll.records configuration"
"passed","Fri Oct 02 10:16:49 UTC 2026","Fri Oct 02 10:16:58 UTC 2026","9099","","tests.offset.OffsetTests","","tests.offset.OffsetTests","testCommitSpecificOffset","TC-029: Commit определенного offset'а","Verify committing specific offset for a partition"
"passed","Fri Oct 02 10:22:32 UTC 2026","Fri Oct 02 10:22:34 UTC 2026","2881","","Performance Tests","","tests.performance.PerformanceTests","testBatchSizeOptimization","TC-035: Optimal batch size for throughput","Find optimal batch size for maximum throughput"
"passed","Fri Oct 02 10:16:08 UTC 2026","Fri Oct 02 10:16:16 UTC 2026","8505","","tests.producer.ProducerTests","","tests.producer.ProducerTests","testProducerBufferFull","TC-010: Producer buffer overflow handling","Verify producer handles buffer full scenario"
"passed","Fri Oct 02 10:15:36 UTC 2026","Fri Oct 02 10:15:39 UTC 2026","2498","","tests.producer.ProducerTests","","tests.producer.ProducerTests","testProducerTimeout","TC-009: Producer request timeout","Verify producer handles request timeout properly"
"passed","Fri Oct 02 10:21:21 UTC 2026","Fri Oct 02 10:21:30 UTC 2026","9407","","tests.idempotence.IdempotenceTests","","tests.idempotence.IdempotenceTests","testProducerIdempotence","TC-023: Проверка идемпотентности producer","Verify idempotent producer configuration and behavior"
"passed","Fri Oct 02 10:17:16 UTC 2026","Fri Oct 02 10:17:32 UTC 2026","16803","","tests.offset.OffsetTests","","tests.offset.OffsetTests","testOffsetCommitOnRebalance","TC-019A: Offset commit during rebalance","Verify offsets are committed before rebalance"
"passed","Fri Oct 02 10:18:38 UTC 2026","Fri Oct 02 10:18:48 UTC 2026","9669","","tests.dlq.DlqTests","","tests.dlq.DlqTests","testDlqRoutingLogic","TC-031: DLQ message routing with metadata","Verify DLQ messages include proper metadata for debugging"
"passed","Fri Oct 02 10:19:57 UTC 2026","Fri Oct 02 10:20:07 UTC 2026","9503","","tests.consumer.ConsumerTests","","tests.consumer.ConsumerTests","testReadLatestOnly","TC-010: Чтение только новых сообщений (latest)","Verify that consumer only reads new messages"
"passed","Fri Oct 02 10:15:59 UTC 2026","Fri Oct 02 10:16:08 UTC 2026","9340","","tests.producer.ProducerTests","","tests.producer.ProducerTests","testTransactionalProducer","TC-011: Transactional message sending","Verify transactional producer behavior"
"passed","Fri Oct 02 10:21:04 UTC 2026","Fri Oct 02 10:21:13 UTC 2026","8549","","tests.consumer.ConsumerTests","","tests.consumer.ConsumerTests","testConsumerSessionTimeout","TC-011A: Consumer session timeout and rebalance","Verify consumer handles session timeout correctly"
"passed","Fri Oct 02 10:21:13 UTC 2026","Fri Oct 02 10:21:21 UTC 2026","8342","","tests.idempotence.IdempotenceTests","","tests.idempotence.IdempotenceTests","testMessageOrderingInPartition","TC-026: Порядок сообщений в partition","Verify message ordering within single partition"
"passed","Fri Oct 02 10:15:33 UTC 2026","Fri Oct 02 10:15:36 UTC 2026","3139","","tests.partitioning.PartitioningTests","","tests.partitioning.PartitioningTests","testPartitionCountChange","TC-022A: Behavior when partition count changes","Verify system handles partition count changes"
"passed","Fri Oct 02 10:23:15 UTC 2026","Fri Oct 02 10:23:25 UTC 2026","9220","","Transaction Tests","","tests.transactions.TransactionsTests","testReadCommittedIsolation","TC-043: Read committed isolation level","Verify consumer only reads committed messages"
"passed","Fri Oct 02 10:24:18 UTC 2026","Fri Oct 02 10:24:35 UTC 2026","17517","","Transaction Tests","","tests.transactions.TransactionsTests","testProducerConsumerTransactionCoordination","TC-047: Координация producer и consumer транзакций","Verify producer-consumer transaction coordination"
"passed","Fri Oct 02 10:21:40 UTC 2026","Fri Oct 02 10:21:49 UTC 2026","9232","","tests.idempotence.IdempotenceTests","","tests.idempotence.IdempotenceTests","testDuplicateDetectionByMessageId","TC-017: Обработка дубликатов через уникальный message ID","Verify duplicate detection using message-id header"
"passed","Fri Oct 02 10:20:55 UTC 2026","Fri Oct 02 10:21:04 UTC 2026","8654","","tests.consumer.ConsumerTests","","tests.consumer.ConsumerTests","testConsumerGroupCoordination","TC-012: Multiple consumers in same group","Verify consumer group coordination with multiple consumers"
"passed","Fri Oct 02 10:15:25 UTC 2026","Fri Oct 02 10:15:29 UTC 2026","3810","","tests.partitioning.PartitioningTests","","tests.partitioning.PartitioningTests","testHashPartitioning","TC-039: Hash партиционирование по ключу","Verify hash-based partitioning with keys"
"passed","Fri Oct 02 10:17:45 UTC 2026","Fri Oct 02 10:17:46 UTC 2026","1294","","Error Handling Tests","","tests.errorhandling.ErrorHandlingTests","testTopicNotFound","TC-029D: Handle topic not found error","Verify proper error handling for non-existent topics"
"passed","Fri Oct 02 10:19:43 UTC 2026","Fri Oct 02 10:19:57 UTC 2026","14379","","tests.consumer.ConsumerTests","","tests.consumer.ConsumerTests","testConsumerHeartbeat","TC-011B: Consumer heartbeat mechanism","Verify consumer sends heartbeats to stay in group"
"passed","Fri Oct 02 10:16:19 UTC 2026","Fri Oct 02 10:16:28 UTC 2026","9592","","tests.producer.ProducerTests","","tests.producer.ProducerTests","testSendMessageWithHeaders","TC-003: Отправка сообщения с custom headers","Verify that messages with custom headers are sent correctly"
"passed","Fri Oct 02 10:19:25 UTC 2026","Fri Oct 02 10:19:34 UTC 2026","8951","","tests.consumer.ConsumerTests","","tests.consumer.ConsumerTests","testReadMessagesWithHeaders","TC-011: Чтение сообщений с headers","Verify that consumer correctly receives message headers"
"passed","Fri Oct 02 10:18:58 UTC 2026","Fri Oct 02 10:19:08 UTC 2026","10722","","tests.dlq.DlqTests","","tests.dlq.DlqTests","testRetryFromDlq","TC-032: Retry processing from DLQ","Verify messages can be reprocessed from DLQ"
"passed","Fri Oct 02 10:15:39 UTC 2026","Fri Oct 02 10:15:43 UTC 2026","4184","","tests.producer.ProducerTests","","tests.producer.ProducerTests","testProducerRetry","TC-008: Producer automatic retry on transient errors","Verify producer retries failed sends automatically"
"passed","Fri Oct 02 10:15:29 UTC 2026","Fri Oct 02 10:15:33 UTC 2026","4298","","tests.partitioning.PartitioningTests","","tests.partitioning.PartitioningTests","testPartitionDistribution","TC-020: Распределение по партициям","Verify messages are distributed across partitions"
